id,name
S001,Student 001
S002,Student 002
S003,Student 003
S004,Student 004
S005,Student 005
S006,Student 006
S007,Student 007
S008,Student 008
S009,Student 009
S010,Student 010
S011,Student 011
S012,Student 012
S013,Student 013
S014,Student 014
S015,Student 015
S016,Student 016
S017,Student 017
S018,Student 018
S019,Student 019
S020,Student 020
S021,Student 021
S022,Student 022
S023,Student 023
S024,Student 024
S025,Student 025
S026,Student 026
S027,Student 027
S028,Student 028
S029,Student 029
S030,Student 030
S031,Student 031
S032,Student 032
S033,Student 033
S034,Student 034
S035,Student 035
S036,Student 036
S037,Student 037
S038,Student 038
S039,Student 039
S040,Student 040
S041,Student 041
S042,Student 042
S043,Student 043
S044,Student 044
S045,Student 045
S046,Student 046
S047,Student 047
S048,Student 048
S049,Student 049
S050,Student 050
S051,Student 051
S052,Student 052
S053,Student 053
S054,Student 054
S055,Student 055
S056,Student 056
S057,Student 057
S058,Student 058
S059,Student 059
S060,Student 060
S061,Student 061
S062,Student 062
S063,Student 063
S064,Student 064
S065,Student 065
S066,Student 066
S067,Student 067
S068,Student 068
S069,Student 069
S070,Student 070
S071,Student 071
S072,Student 072
S073,Student 073
S074,Student 074
S075,Student 075
S076,Student 076
S077,Student 077
S078,Student 078
S079,Student 079
S080,Student 080
S081,Student 081
S082,Student 082
S083,Student 083
S084,Student 084
S085,Student 085
S086,Student 086
S087,Student 087
S088,Student 088
S089,Student 089
S090,Student 090
S091,Student 091
S092,Student 092
S093,Student 093
S094,Student 094
S095,Student 095
S096,Student 096
S097,Student 097
S098,Student 098
S099,Student 099
S100,Student 100
S101,Student 101
S102,Student 102
S103,Student 103
S104,Student 104
S105,Student 105
S106,Student 106
S107,Student 107
S108,Student 108
S109,Student 109
S110,Student 110
S111,Student 111
S112,Student 112
S113,Student 113
S114,Student 114
S115,Student 115
S116,Student 116
S117,Student 117
S118,Student 118
S119,Student 119
S120,Student 120
S121,Student 121
S122,Student 122
S123,Student 123
S124,Student 124
S125,Student 125
S126,Student 126
S127,Student 127
S128,Student 128
S129,Student 129
S130,Student 130
S131,Student 131
S132,Student 132
S133,Student 133
S134,Student 134
S135,Student 135
S136,Student 136
S137,Student 137
S138,Student 138
S139,Student 139
S140,Student 140
S141,Student 141
S142,Student 142
S143,Student 143
S144,Student 144
S145,Student 145
S146,Student 146
S147,Student 147
S148,Student 148
S149,Student 149
S150,Student 150
S151,Student 151
S152,Student 152
S153,Student 153
S154,Student 154
S155,Student 155
S156,Student 156
S157,Student 157
S158,Student 158
S159,Student 159
S160,Student 160
S161,Student 161
S162,Student 162
S163,Student 163
S164,Student 164
S165,Student 165
S166,Student 166
S167,Student 167
S168,Student 168
S169,Student 169
S170,Student 170
S171,Student 171
S172,Student 172
S173,Student 173
S174,Student 174
S175,Student 175
S176,Student 176
S177,Student 177
S178,Student 178
S179,Student 179
S180,Student 180
S181,Student 181
S182,Student 182
S183,Student 183
S184,Student 184
S185,Student 185
S186,Student 186
S187,Student 187
S188,Student 188
S189,Student 189
S190,Student 190
S191,Student 191
S192,Student 192
S193,Student 193
S194,Student 194
S195,Student 195
S196,Student 196
S197,Student 197
S198,Student 198
S199,Student 199
S200,Student 200
S201,Student 201
S202,Student 202
S203,Student 203
S204,Student 204
S205,Student 205
S206,Student 206
S207,Student 207
S208,Student 208
S209,Student 209
S210,Student 210
S211,Student 211
S212,Student 212
S213,Student 213
S214,Student 214
S215,Student 215
S216,Student 216
S217,Student 217
S218,Student 218
S219,Student 219
S220,Student 220
S221,Student 221
S222,Student 222
S223,Student 223
S224,Student 224
S225,Student 225
S226,Student 226
S227,Student 227
S228,Student 228
S229,Student 229
S230,Student 230
S231,Student 231
S232,Student 232
S233,Student 233
S234,Student 234
S235,Student 235
S236,Student 236
S237,Student 237
S238,Student 238
S239,Student 239
S240,Student 240
S241,Student 241
S242,Student 242
S243,Student 243
S244,Student 244
S245,Student 245
S246,Student 246
S247,Student 247
S248,Student 248
S249,Student 249
S250,Student 250
S251,Student 251
S252,Student 252
S253,Student 253
S254,Student 254
S255,Student 255
S256,Student 256
S257,Student 257
S258,Student 258
S259,Student 259
S260,Student 260
S261,Student 261
S262,Student 262
S263,Student 263
S264,Student 264
S265,Student 265
S266,Student 266
S267,Student 267
S268,Student 268
S269,Student 269
S270,Student 270
S271,Student 271
S272,Student 272
S273,Student 273
S274,Student 274
S275,Student 275
S276,Student 276
S277,Student 277
S278,Student 278
S279,Student 279
S280,Student 280
S281,Student 281
S282,Student 282
S283,Student 283
S284,Student 284
S285,Student 285
S286,Student 286
S287,Student 287
S288,Student 288
S289,Student 289
S290,Student 290
S291,Student 291
S292,Student 292
S293,Student 293
S294,Student 294
S295,Student 295
S296,Student 296
S297,Student 297
S298,Student 298
S299,Student 299
S300,Student 300
S301,Student 301
S302,Student 302
S303,Student 303
S304,Student 304
S305,Student 305
S306,Student 306
S307,Student 307
S308,Student 308
S309,Student 309
S310,Student 310
S311,Student 311
S312,Student 312
S313,Student 313
S314,Student 314
S315,Student 315
S316,Student 316
S317,Student 317
S318,Student 318
S319,Student 319
S320,Student 320
S321,Student 221
S322,Student 322
S323,Student 323
S324,Student 324
S325,Student 325
S326,Student 326
S327,Student 327
S328,Student 328
S329,Student 329
S330,Student 330
S331,Student 331
S332,Student 332
S333,Student 333
S334,Student 334
S335,Student 335
S336,Student 336
S337,Student 337
S338,Student 338
S339,Student 339
S340,Student 340
S341,Student 341
S342,Student 342
S343,Student 343
S344,Student 344
S345,Student 345
S346,Student 346
S347,Student 347
S348,Student 348
S349,Student 349
S350,Student 350
S351,Student 351
S352,Student 352
S353,Student 353
S354,Student 354
S355,Student 355
S356,Student 356
S357,Student 357
S358,Student 358
S359,Student 359
S360,Student 360
S361,Student 361
S362,Student 362
S363,Student 363
S364,Student 364
S365,Student 365
S366,Student 366
S367,Student 367
S368,Student 368
S369,Student 369
S370,Student 370
S371,Student 371
S372,Student 372
S373,Student 373
S374,Student 374
S375,Student 375
S376,Student 376
S377,Student 377
S378,Student 378
S379,Student 379
S380,Student 380
S381,Student 381
S382,Student 382
S383,Student 383
S384,Student 384
S385,Student 385
S386,Student 386
S387,Student 387
S388,Student 388
S389,Student 389
S390,Student 390
S391,Student 391
S392,Student 392
S393,Student 393
S394,Student 394
S395,Student 395
S396,Student 396
S397,Student 397
S398,Student 398
S399,Student 399
S400,Student 400
S401,Student 401
S402,Student 402
S403,Student 403
S404,Student 404
S405,Student 405
S406,Student 406
S407,Student 407
S408,Student 408
S409,Student 409
S410,Student 410
S411,Student 411
S412,Student 412
S413,Student 413
S414,Student 414
S415,Student 415
S416,Student 416
S417,Student 417
S418,Student 418
S419,Student 419
S420,Student 420
S421,Student 421
S422,Student 422
S423,Student 423
S424,Student 424
S425,Student 425
S426,Student 426
S427,Student 427
S428,Student 428
S429,Student 429
S430,Student 430
S431,Student 431
S432,Student 432
S433,Student 433
S434,Student 434
S435,Student 435
S436,Student 436
S437,Student 437
S438,Student 438
S439,Student 439
S440,Student 440
S441,Student 441
S442,Student 442
S443,Student 443
S444,Student 444
S445,Student 445
S446,Student 446
S447,Student 447
S448,Student 448
S449,Student 449
S450,Student 450
S451,Student 451
S452,Student 452
S453,Student 453
S454,Student 454
S455,Student 455
S456,Student 456
S457,Student 457
S458,Student 458
S459,Student 459
S460,Student 460
S461,Student 461
S462,Student 462
S463,Student 463
S464,Student 464
S465,Student 465
S466,Student 466
S467,Student 467
S468,Student 468
S469,Student 469
S470,Student 470
S471,Student 471
S472,Student 472
S473,Student 473
S474,Student 474
S475,Student 475
S476,Student 476
S477,Student 477
S478,Student 478
S479,Student 479
S480,Student 480
S481,Student 481
S482,Student 482
S483,Student 483
S484,Student 484
S485,Student 485
S486,Student 486
S487,Student 487
S488,Student 488
S489,Student 489
S490,Student 490
S491,Student 491
S492,Student 492
S493,Student 493
S494,Student 494
S495,Student 495
S496,Student 496
S497,Student 497
S498,Student 498
S499,Student 499
S500,Student 500
